email,password_hash,first_name,last_name
andrethomas@example.org,oo99A+a1gYf7BBCtJyX10QKLmb8HU3bngUgdV1kxn7s=,Renee,Wright
hortonpaul@example.com,O4GWQryyyhUlHrCgXxIYXAOsj4x9YMUqgnokKOdjcMM=,David,Clark
qbarron@example.org,U1s2AagrISKZXn6j1I/MctZhvvxyD//mRF3MRnuUFc4=,Patricia,Holland
kristinarobinson@example.org,D9vsFprj3JXeTl/bLUy2FzP+yZtfgIeC2aZ3xGpN8pc=,James,Scott
cjordan@example.org,raWyWAm/lI+alW83GPma7DRmHZ6LOYTenBjHVJodZFQ=,Ronald,Burke
uanderson@example.net,vYIGZUvYqJPTguICAAG051hQ9XFmEXDeO79isSG0ARo=,Randall,Jackson
dgrant@example.org,N3UIxj3wivgElTA2nSp1sZMazjuZmpzlSXFTDJJJxUM=,Derrick,Olsen
hamptonkenneth@example.org,mmDP7D42WQtB9u0s/GBZdZfE6t4xXOFxSEG2mPWJLoQ=,George,Henderson
castillomatthew@example.net,8R/0KDxVWOIOYFAIYlr97g1MfcFfDLCSPX4ykFubCoE=,Kenneth,Molina
kimberlypadilla@example.org,UGvyaLAFSD0hypP3JYvqRtomsq2Z4YZXPWnyOvx/ngc=,Clinton,Harris
